"Approval ID","Decision Required","Why Required","Needed By","Decision Owner Role","Related Phase B Tasks","Available Decision Options","Recommended Secure Default","Release-Safe Fallback","Cost or Licence Impact","Current Status","Decision","Decision Date","Limits and Conditions","Evidence Reference","Review or Expiry Date","What Remains Disabled","Can Staging Release Proceed Without Approval","Prohibited Claim","Notes"
"APR-01","Historical commercial account and budget decision","Retired by C05 paid-source retirement.","2026-08-05","No decision owner required","None","Retired","No commercial integration is planned.","No commercial fallback or mock is required.","None","Retired","Superseded by C05","2026-08-05","No paid-source implementation or activation remains.","docs/c05-official-public-sources.md","Not applicable","Censys Platform, VirusTotal premium/business, Recorded Future, commercial free-tier workarounds, paid credentials, and subscription mocks remain excluded.","Yes","Do not claim commercial-source coverage.","Historical record only; not pending approval, credentials, licence, payment, quota, or later implementation."
"APR-02","Historical Censys Platform entitlement decision","Retired by C05 paid-source retirement.","2026-08-05","No decision owner required","None","Retired","No Platform API integration is planned.","Public Censys ARC and Rapid Response publication metadata remains distinct.","None","Retired","Superseded by C05","2026-08-05","No token, endpoint, quota, mock, or activation work remains.","docs/c05-official-public-sources.md","Not applicable","Censys Platform/Search API exposure enrichment, host search, scan, and rescan remain excluded.","Yes","Do not represent public Censys publication metadata as Platform enrichment.","Historical record only; not pending approval, credentials, entitlement, credits, or later implementation."
"APR-03","Historical VirusTotal commercial-tier decision","Retired by C05 paid-source retirement.","2026-08-05","No decision owner required","None","Retired","No VirusTotal integration is planned.","No commercial fallback or mock is required.","None","Retired","Superseded by C05","2026-08-05","No API tier, key, endpoint, quota, mock, or activation work remains.","docs/c05-official-public-sources.md","Not applicable","VirusTotal premium/business use, file upload, submission, sample retrieval, and binary retrieval remain excluded.","Yes","Do not claim VirusTotal coverage.","Historical record only; not pending approval, credentials, licence, quota, or later implementation."
"APR-04","Historical Recorded Future subscription decision","Retired by C05 paid-source retirement.","2026-08-05","No decision owner required","None","Retired","No Recorded Future integration is planned.","No commercial fallback or mock is required.","None","Retired","Superseded by C05","2026-08-05","No subscription, credential, endpoint, module, quota, mock, or activation work remains.","docs/c05-official-public-sources.md","Not applicable","Recorded Future integration and licensed-data coverage remain excluded.","Yes","Do not claim Recorded Future coverage.","Historical record only; not pending approval, credentials, subscription, quota, or later implementation."
"APR-05","Approval to automate each proposed UAE public source after terms, robots and source-policy review.","Public accessibility does not automatically authorise scheduled collection.","2026-08-04","Mentor / project owner, with organisational legal or policy review where required","B5-01:B5-04","Approve named sources individually; Approve with cadence, path or field restrictions; Manual-only use; Not approved; Deferred","Keep all unapproved collectors disabled.","Fixture-tested collectors remain disabled","Potential policy review and operational hosting cost; source-specific licence terms may apply.","Need Approval","Pending","Pending","All UAE collectors remain disabled; no automated request path is approved. Source-specific host, path, cadence, field, robots, terms, retention, redirect and review conditions require an explicit decision.","c04-source-discovery-20260804-104617.zip SHA-256 8993FBE95288EBF8019942CFCA8D474E72D05D9D61AF0B5C1229BE34EA7EAA9B; c04-source-discovery-pass2-20260804-105156.zip SHA-256 3FBCD687DA0D6B9A599C8C3E2C7E4E0A976550F6371370E2498876C31174B9F3; c04-source-discovery-pass3-20260804-105959.zip SHA-256 69CAE79E9D10E9CA54A2683ACF51E13CBAE8AB5FFC1FF5B59E21958BFD9C3BFB","Pending","All UAE collectors remain disabled, including aeCERT, UAE Cyber Security Council, NibraS, DESC news and DESC published research automation.","Yes, subject to all other release gates, only when unapproved collectors remain disabled and fixture or mocked coverage is implemented and tested.","Do not imply automated UAE-source coverage when collectors are disabled.","Evidence establishes assessed boundaries only and must not be interpreted as legal approval. No live source request was made; B5-02, B5-03 and B5-04 remain incomplete. Record one decision per source with approved HTTPS host, paths, cadence, fields, robots and terms basis, owner, retention, redirect policy and review date."
"APR-06","Whether the two-hour production schedule is authorised, which timezone applies and who owns operations.","Recurring collection creates traffic, quota use and operational responsibility.","2026-08-04","Mentor / project owner and staging operations owner","B2-03","Approve every two hours in an explicit timezone; Approve staging rehearsal only; Approve a different bounded cadence; Not approved; Deferred","Use controlled staging only, with unapproved sources disabled.","Schedule enabled in controlled staging only","Potential quota, traffic, compute and operational-support cost.","Need Approval","Pending","Pending","Pending","Pending","Pending","The recurring production schedule and every source lacking its own prerequisites; manual flows remain available.","Yes, subject to all other release gates, through manual flows and only an explicitly approved controlled staging rehearsal; no production schedule claim is allowed.","Do not claim a production schedule without approval.","Record timezone, cadence, operational owner, enabled-source set, overlap policy, retry and backoff bounds, pause authority and evidence window."
"APR-07","Hosting provider, environment owner and mentor access method for staging.","Mentor-accessible staging requires owned infrastructure.","2026-08-04","Mentor / project owner and infrastructure owner","B9-03","Approved hosted staging; Approved internal host or VM; Approved temporary controlled host; Local demonstration fallback accepted; Deferred","Do not deploy publicly until ownership and access are defined.","Documented local Docker deployment","Potential hosting, network, support or cloud cost.","Need Approval","Pending","Pending","Pending","Pending","Pending","Public or remote staging deployment and mentor access outside the documented local environment.","Only if the mentor explicitly accepts the documented local or controlled fallback; otherwise staging release cannot proceed.","Do not claim mentor-accessible hosted staging or production deployment.","Record provider or host class, environment owner, access route, authentication boundary, network exposure, shutdown owner, support window and accepted local-fallback evidence."
"APR-08","Approved domain or subdomain and certificate or TLS owner.","Secure routing requires controlled naming and certificate management.","2026-08-04","Mentor / project owner and domain/TLS administrator","B9-02","Approved domain/subdomain and certificate owner; Approved internal hostname; Temporary controlled host with TLS-ready configuration; Local-only fallback; Deferred","Do not expose plain HTTP to untrusted networks.","Local TLS-ready reverse proxy and host-file access","Potential domain, certificate, DNS or managed-proxy cost.","Need Approval","Pending","Pending","Pending","Pending","Pending","Public hostname, external routing and certificate activation; plain HTTP to untrusted networks remains prohibited.","Yes, subject to all other release gates, only through the local TLS-ready fallback without a public-hostname claim.","Do not claim approved domain ownership, active TLS or secure public routing.","Record hostname, owner role, DNS authority, renewal responsibility, certificate delivery mechanism, termination boundary and expiry or review date; never store private keys."
"APR-09","Database hosting model, operational owner, retention period and storage constraints.","Availability, backup, data lifecycle and cost depend on these decisions.","2026-08-04","Mentor / project owner and database/infrastructure owner","B1-05, B9-03","Approved managed PostgreSQL; Approved self-hosted staging PostgreSQL; Approved with retention limits; Deferred","Use self-hosted staging with conservative bounded retention.","Self-hosted staging PostgreSQL with conservative retention","Potential managed-database, compute, storage, backup and transfer cost.","Need Approval","Pending","Pending","Pending","Pending","Pending","Managed or production PostgreSQL hosting, unapproved retention and any unsupported availability or durability claim.","Only if the mentor explicitly accepts the documented self-hosted staging fallback, retention boundary and owner; otherwise staging release cannot proceed.","Do not claim approved production database hosting, retention, availability or recovery.","Record host class, database owner, retention period, storage limit, backup boundary, least-privilege roles, encryption, maintenance responsibility and accepted fallback evidence; never record a database URL."
"APR-10","Approved secret-management method and credential-delivery process.","Production credentials require secure organisational handling.","2026-08-04","Mentor / project owner and security/infrastructure owner","B1-01, B9-04","Approved organisational secret manager; Approved Docker or platform-independent secret files or references for staging; No live paid credentials for this release; Deferred","Do not supply a live secret value until the delivery mechanism is approved.","Docker secret references; no live paid credentials","Potential secret-manager, vault or managed-platform cost.","Need Approval","Pending","Pending","Pending","Pending","Pending","Live paid credentials, commercial integrations and production secret delivery.","Yes, subject to all other release gates, only with secret references and no live paid credential or dependent integration enabled.","Do not claim an approved secret manager or record secret values in the register, chat, Git, workbook or documentation.","Record provider or mechanism, owner role, reference-name convention, approved secure delivery route, access policy, rotation and revocation expectations; never store passwords, tokens, keys, private keys, database URLs, cookies or auth headers."
"APR-11","Approved backup destination, retention and owner.","Off-host recovery requires approved storage and lifecycle controls.","2026-08-04","Mentor / project owner and backup/storage owner","B9-05","Approved encrypted off-host destination; Approved controlled internal storage; Local encrypted rehearsal only; Deferred","Use an encrypted local rehearsal backup without claiming production recovery.","Encrypted local rehearsal backup","Potential encrypted storage, retention, transfer or managed-backup cost.","Need Approval","Pending","Pending","Pending","Pending","Pending","Production off-host backup, scheduled retention and production recoverability claims.","Yes, subject to all other release gates, only with an implemented and tested encrypted local rehearsal fallback and no production recovery claim.","Do not claim approved production backup, off-host retention, RPO, RTO or recoverability.","Record destination class, owner role, retention, encryption, access controls, deletion procedure, restore-test cadence, RPO, RTO and review date without recording credentials."
"APR-12","Operational monitoring method and authorised alert recipient.","Alerts require ownership and may require paid tooling.","2026-08-04","Mentor / project owner and staging operations owner","B9-04","Approved provider and recipient; Self-hosted logs and health checks; No external alerting for staging; Deferred","Use self-hosted logs and health checks with a named review-owner role.","Self-hosted logs and health checks","Potential monitoring, log retention, notification or on-call tooling cost.","Need Approval","Pending","Pending","Pending","Pending","Pending","External alert delivery and paid monitoring integration; product Slack, Teams or email notification features remain outside this approval.","Yes, subject to all other release gates, using self-hosted logs and health checks with an explicitly owned review process.","Do not claim external operational alerting or a product Slack, Teams or email-alert feature.","Record monitoring method, owner role, authorised recipient role or channel reference, thresholds, retention, escalation, quiet hours and review date; do not record webhook URLs, tokens or recipient secrets."
"APR-13","Authorised staging users and acceptance of the local RBAC model.","Accounts and access must be explicitly authorised.","2026-08-04","Mentor / project owner","B7-01","Approve named users and roles; Approve role model but defer final user list; Require changes; Deferred","Create only minimal mentor and team accounts after approval.","Minimal mentor/team accounts created securely","Potential identity-administration effort; external identity tooling may add cost.","Need Approval","Pending","Pending","Pending","Pending","Pending","Staging user provisioning, shared or default accounts and access by any unauthorised user.","Only if the mentor explicitly accepts the restricted local-access fallback and authorises the minimal user and role set; otherwise staging release cannot proceed.","Do not claim authorised staging users, accepted RBAC or mentor access.","Record user identity reference, assigned role, approver role, account expiry and revocation owner only after approval; never record passwords or password hashes. B0-05 creates no users."
"APR-14","Whether company SSO is required for the staging release.","Identity-provider integration may require organisational configuration.","2026-08-04","Mentor / project owner and identity administrator where applicable","B7-01","SSO required and configuration will be supplied; SSO not required for staging and secure local RBAC accepted; SSO deferred post-submission; Decision pending","Require secure local RBAC regardless of SSO.","Secure local RBAC; SSO-ready interface","Potential identity-provider licence, application-registration and administration cost.","Need Approval","Pending","Pending","Pending","Pending","Pending","SSO integration and every SSO capability claim; secure local RBAC remains required.","Yes, subject to all other release gates, only with secure local RBAC and no SSO claim.","Do not claim SSO support without implementation and evidence.","Record whether SSO is required, identity-provider owner role, approved protocol and configuration delivery mechanism, local-RBAC acceptance, review date and evidence reference; never record client secrets."
"APR-15","Explicit acceptance of the deployed scope, disabled approval-gated sources, accepted limitations and residual risk.","The release cannot approve itself.","2026-08-11","Mentor / release approver","B11-02, B11-05","Release accepted; Accepted with recorded conditions; Rejected pending remediation; Deferred","Do not release without explicit sign-off.","No release without explicit sign-off record","No direct vendor cost; unresolved hosting, remediation or operational conditions may affect release cost.","Need Approval","Pending","Pending","Pending","Pending","Pending","The final release, release-acceptance claim and residual-risk acceptance.","No; staging release cannot proceed without explicit authorised sign-off for the exact release candidate.","Do not claim release acceptance, mentor UAT acceptance, residual-risk acceptance or final sign-off.","Record the exact release-candidate commit, UAT record, unresolved findings, accepted limitations, disabled-source list, decision details, authorised approver, decision date, conditions and immutable evidence reference. APR-15 cannot be approved during B0-05."
