"Criterion ID","Category","Scope Item","Release Classification","Requirement","Acceptance Test","Required Evidence","Responsible Phase B Task","Approval ID","Release-Safe Fallback","Failure Classification","Release Gate","Status at Scope Freeze","Owner or Reviewer","Notes"
"SCOPE-0001","Evidence limitation","B0-01 PDF unavailable","Accepted Limitation","Preserve that the B0-01 PDF was unavailable and was not independently verified.","Review release evidence and confirm no claim relies on the unavailable PDF as independently verified.","Release evidence index and reviewer confirmation.","B11-05","","Use committed repository evidence and label the missing PDF accurately.","Accepted limitation","Non-blocking only while accurately disclosed","Accepted Limitation","Independent reviewer","Does not waive any runtime release gate."
"SCOPE-0002","Evidence limitation","Reconstructed B0-01 focused evidence","Accepted Limitation","Describe the available focused evidence as reconstructed from committed files and not as the unavailable original archive.","Compare provenance wording across the release package and reject any original-archive claim.","Artifact manifest and provenance review.","B11-05","","Use the reconstructed evidence with explicit provenance qualification.","Accepted limitation","Non-blocking only while accurately disclosed","Accepted Limitation","Independent reviewer","No original archive is claimed."
"SCOPE-0003","Evidence limitation","Original 28 July P9-10 review ZIP unavailable","Accepted Limitation","Record that the original P9-10 independent-review ZIP is unavailable.","Verify the handover package distinguishes current repository evidence from the missing archive.","Evidence index and independent-review note.","B11-05","","Use current checkpoint files and do not relabel later archives as original.","Accepted limitation","Non-blocking only while accurately disclosed","Accepted Limitation","Independent reviewer","Current code still requires normal release validation."
"SCOPE-0004","Evidence limitation","Windows CRLF migration-hash assertion","Accepted Limitation","Preserve committed migration history and do not edit migrations tests or expected hashes to hide the environment-specific raw-byte result.","Run migration semantic checks and inspect the diff for prohibited migration or expected-hash edits.","Alembic heads and history output plus migration diff review.","B1-02","","Run in a compatible environment or document the CRLF-only result while preserving files.","Accepted limitation","Non-blocking only if migration semantics and history are independently verified","Accepted Limitation","Database reviewer","Never use this limitation to excuse a real migration change."
"SCOPE-0005","Evidence limitation","Workbook snapshot timing","Accepted Limitation","Record that the workbook snapshot predates pushed B0-02 completion and still shows B0-02 as Not Started.","Reconcile the final task sheet against Git history without rewriting the historical snapshot during B0-03.","Git commit bdcf13d and B11-04 reconciliation record.","B11-04","","Treat Git history as current B0-02 evidence until the authorized workbook reconciliation task.","Accepted limitation","Non-blocking while timing mismatch is explicit","Accepted Limitation","Project owner","B0-03 does not edit the workbook."
"SCOPE-0006","Evidence limitation","PostgreSQL-backed UI success and empty-state evidence","Accepted Limitation","Record that B0-02 did not prove final PostgreSQL-backed success or empty states and require later implementation and release testing.","Execute final UI flows against migrated PostgreSQL and verify success empty loading error stale and permission states.","Browser and API evidence from the release candidate with database-backed records and empty fixtures.","B11-02","","No release fallback; retain the historical limitation only until required final evidence exists.","Release blocker when final evidence remains absent","Blocking at release","Accepted Limitation","Mentor UAT reviewer","This historical limitation is not permission to release untested UI behaviour."
"PAGE-0001","Page","Overview","Required","Provide the canonical route / and sidebar item with API-backed KPIs trends freshness source state and deployed version or commit; production-visible synthetic preview values are prohibited.","Navigate by keyboard and direct URL; exercise loading empty error stale and permission states; verify responsive safe rendering and no dead control or unsupported claim.","Route and component tests API/network evidence responsive browser captures accessibility checks and deployed commit display.","B8-01","","No synthetic fallback; show an honest unavailable or permission state.","Release blocker","Blocking","Pending Evidence","Frontend and API reviewer","Primary top-level page row."
"PAGE-0002","Page","Threat Feed","Required","Provide /threat-feed with normalized publication and threat metadata filters timestamps provenance and safe canonical links.","Verify sidebar and direct navigation bounded search filters pagination API-backed states safe links responsive layout keyboard access and no preview data.","Route API and component tests browser captures network evidence and safe-link tests.","B8-05","","Show an honest empty stale or unavailable state without invented articles.","Release blocker","Blocking","Pending Evidence","Frontend and API reviewer","Primary top-level page row."
"PAGE-0003","Page","Vulnerabilities","Required","Provide /vulnerabilities with CVE KEV EPSS and UAE evidence bounded filters pagination and truthful missing-data states.","Verify all shared page states plus missing EPSS KEV and UAE values and subordinate vulnerability detail navigation.","Route API and component tests database-backed browser evidence and bounded-query tests.","B8-05","","Display unknown or unavailable fields explicitly; never infer enrichment.","Release blocker","Blocking","Pending Evidence","Frontend and API reviewer","Primary top-level page row."
"PAGE-0004","Page","UAE Intelligence","Required","Provide /uae-intelligence with official UAE evidence relevance classification sectors emirates languages related CVEs provenance and freshness without unsupported attribution.","Verify source attribution confidence semantics multilingual safe rendering filters freshness and all shared page states.","Route API and component tests provenance fixtures browser evidence and reviewer assessment of attribution wording.","B8-04","","Show insufficient evidence or unavailable states; do not fabricate UAE targeting claims.","Release blocker","Blocking","Pending Evidence","UAE intelligence reviewer","Primary top-level page row."
"PAGE-0005","Page","IOC Search","Required","Provide /ioc-search with bounded validated IOC search provenance enrichment state safe output and no unrestricted bulk lookup.","Test supported and malformed IOC types length and rate bounds authorization no bulk mode safe rendering and all shared page states.","API negative tests component tests browser evidence provenance checks and outbound-policy confirmation.","B8-05","","Reject invalid or excessive queries with sanitized errors; make no live lookup without approval.","Release blocker","Blocking","Pending Evidence","Security and frontend reviewer","Primary top-level page row."
"PAGE-0006","Page","Ingestion Operations","Required","Provide /ingestion-operations with cycle and source-run state attempts successes next run duration counts retry class quota freshness and sanitized failures; run retry pause enable and disable require backend authorization.","Exercise Viewer Analyst Operator and Administrator access including direct requests; verify truthful disabled partial and failed states and no fake success.","RBAC route tests orchestration API tests scheduled-run evidence browser captures and audit correlation.","B8-02","","Render read-only or permission-denied state and keep unauthorized controls unavailable server-side.","Release blocker","Blocking","Pending Evidence","Ingestion and security reviewer","Primary top-level page row."
"PAGE-0007","Page","Sources","Required","Provide /sources with fixed policies approved hosts access class approval state checkpoint state and only a credential-configured boolean; arbitrary endpoint editing and secret display are prohibited.","Verify all source rows and states controls authorization redaction fixed-host policy and shared page states.","Source-policy API tests RBAC tests browser evidence secret canary checks and configuration review.","B8-03","","Keep unapproved or unconfigured sources disabled with an accurate reason.","Release blocker","Blocking","Pending Evidence","Source-policy reviewer","Primary top-level page row."
"PAGE-0008","Page","Run History","Required","Provide /run-history with paginated cycles source runs events defer reasons failure categories and correlation evidence.","Verify bounded pagination filters authorization correlation identifiers sanitized errors and partial versus failed versus deferred semantics.","API and component tests database-backed history evidence browser captures and log correlation sample.","B8-03","","Show an honest empty or unavailable history state without generated run records.","Release blocker","Blocking","Pending Evidence","Operations reviewer","Primary top-level page row."
"PAGE-0009","Page","Reports","Required","Provide /reports with bounded authorized PDF and CSV export; CSV prevents formula injection and exports exclude secrets raw payloads and unauthorized data.","Test role access row and byte bounds formula-leading cells encoding safe filenames content allow-list and shared page states.","Export security tests generated sample review RBAC tests browser evidence and size-limit results.","B8-06","","Disable export with a sanitized explanation when evidence or permission is unavailable.","Release blocker","Blocking","Pending Evidence","Reporting and security reviewer","Primary top-level page row."
"PAGE-0010","Page","System Health","Required","Provide /system-health with truthful backend PostgreSQL Prefect server worker freshness storage operational state and deployed commit; no allow-on-error health.","Induce component failures and stale conditions and verify unhealthy or degraded results rather than success.","Health contract tests fault-injection results browser captures deployment commit evidence and sanitized logs.","B8-06","","Report unknown degraded or unavailable; never assume health after an exception.","Release blocker","Blocking","Pending Evidence","Operations reviewer","Primary top-level page row."
"PAGE-0011","Page","Audit Log","Required","Provide /audit-log with authorized bounded search of allow-listed audit fields and correlation IDs; exclude credentials tokens raw bodies sensitive headers and unbounded export.","Test role restrictions direct URL access field allow-list query bounds redaction and safe pagination.","RBAC API and component tests sensitive canary review browser evidence and representative audit records.","B8-06","","Deny access safely and expose no audit content to unauthorized users.","Release blocker","Blocking","Pending Evidence","Audit and security reviewer","Primary top-level page row."
"PAGE-0012","Page","Methodology","Required","Provide /methodology documenting sources scoring UAE relevance provenance freshness limitations security boundaries and disabled or approval-gated meanings.","Verify canonical route and sidebar navigation content accuracy keyboard and responsive behaviour safe links and absence of unsupported operational claims.","Documentation review route and component tests browser captures and source-policy cross-check.","B8-06","","Show only reviewed static methodology content; omit unverified claims.","Release blocker","Blocking","Pending Evidence","Methodology reviewer","Primary top-level page row."
"AUTH-0001","Authentication and RBAC","Local identity","Required","Provide unique local user accounts for staging with no shared defaults or default administrator password.","Attempt login with shared or documented default credentials and verify rejection; confirm each test user has a unique identity.","Account inventory without secrets authentication tests and deployment review.","B7-01","","Keep staging inaccessible until unique accounts are provisioned.","Release blocker","Blocking","Pending Evidence","Identity reviewer","SSO is not required unless APR-14 approves it."
"AUTH-0002","Authentication and RBAC","Secure login and logout","Required","Authenticate securely and invalidate the active session on logout with generic failure messages.","Test valid invalid disabled and repeated login attempts plus logout replay.","Authentication integration tests browser evidence and sanitized response review.","B7-02","","Deny access without revealing account validity.","Release blocker","Blocking","Pending Evidence","Identity reviewer","No token or credential may appear in logs or evidence."
"AUTH-0003","Authentication and RBAC","Session expiry and revocation","Required","Enforce bounded session expiry server-side and support revocation after logout disablement or administrator action.","Replay expired logged-out revoked and disabled-account sessions against protected endpoints.","Session negative tests timestamped results and audit events.","B7-02","","Reject the session with generic 401 and require reauthentication.","Release blocker","Blocking","Pending Evidence","Security reviewer","Frontend expiry alone is insufficient."
"AUTH-0004","Authentication and RBAC","Role model","Required","Enforce Viewer Analyst Ingestion Operator and Administrator permissions in backend dependencies.","Run an allow-deny matrix across protected read report audit ingestion source and user routes.","Backend authorization matrix tests and route inventory.","B7-01","","Deny by default when role mapping is absent or invalid.","Release blocker","Blocking","Pending Evidence","Authorization reviewer","Backend enforcement is authoritative."
"AUTH-0005","Authentication and RBAC","BOLA BFLA and mass assignment","Required","Prevent object-level and function-level authorization bypass and ignore or reject unauthorized writable fields.","Use cross-user identifiers direct endpoints alternate methods and extra privilege fields in negative tests.","BOLA BFLA mass-assignment and method tests with sanitized 401 or 403 results.","B7-03","","Deny access or mutation without disclosing protected records.","Release blocker","Blocking","Pending Evidence","Security reviewer","Frontend hiding is not authorization."
"AUTH-0006","Authentication and RBAC","Privileged controls","Required","Restrict user and source administration to Administrator and ingestion controls to Ingestion Operator or explicitly higher authorized roles.","Call every privileged endpoint as each frozen role and by direct URL.","Role matrix tests browser control evidence and audit events.","B7-03","","Keep controls disabled and backend-denied until authorization is proven.","Release blocker","Blocking","Pending Evidence","Authorization reviewer","No allow-on-error policy."
"AUTH-0007","Authentication and RBAC","Protected reports and audit","Required","Authorize reporting and audit access separately and prevent unauthorized data export.","Attempt UI direct route API and export access with insufficient roles.","RBAC tests export tests and browser evidence.","B7-03","","Return generic denial and no protected content.","Release blocker","Blocking","Pending Evidence","Audit reviewer","Applies to CSV and PDF."
"AUTH-0008","Authentication and RBAC","Role-aware frontend navigation and protected routes","Required","Match visible navigation to effective backend permission while preserving backend protection for direct route and API access.","Compare navigation for all roles then bypass navigation with direct route and API requests and verify server-side denial.","Role-based browser captures protected-route tests and direct-request results.","B7-05","","Hide inapplicable navigation and deny direct access safely.","Release blocker","Blocking","Pending Evidence","Security reviewer","Frontend visibility never replaces backend authorization."
"AUTH-0009","Authentication and RBAC","Credential, token, session and sensitive-header safety with generic authentication errors","Required","Prevent credentials tokens session values and sensitive headers from appearing in responses logs UI reports or evidence and return generic authentication errors.","Use canaries and malformed disabled expired and replayed authentication cases then scan all observable surfaces.","Authentication negative tests and response log UI report and evidence scans.","B7-02","","Return generic 401 or 403 responses without sensitive content and require safe reauthentication.","Release blocker","Blocking","Pending Evidence","Security reviewer","B7-06 owns final authentication-abuse and edge-case validation."
"ORCH-0001","Orchestration","Self-hosted Prefect","Required","Use self-hosted Prefect as the sole development and staging orchestrator.","Inspect deployed services and dependencies and verify no second active scheduler.","Compose or deployment configuration Prefect health and architecture review.","B2-01","","No recurring ingestion until Prefect is deployed and healthy.","Release blocker","Blocking","Pending Evidence","Orchestration reviewer","APScheduler must not become an active scheduler."
"ORCH-0002","Orchestration","Two-hour parent cycle","Required","Schedule exactly one approved parent ingestion deployment every two hours in the recorded timezone.","Enumerate schedules and observe trigger timing or conduct an explicitly approved staging rehearsal.","Prefect deployment listing timestamps and APR-06 decision record.","B2-03","APR-06","Operate only controlled staging after timezone approval; make no general production claim.","Release blocker","Blocking","Pending Evidence","Orchestration reviewer","Exactly one approved schedule."
"ORCH-0003","Orchestration","Independent source flows","Required","Run each enabled source as an independently observable flow so one failure does not stop unrelated approved sources.","Force one mocked or staging-safe source failure and verify other source flows finish with separate states.","Flow graph run logs safe metrics and failure-isolation tests.","B2-03","","Disable affected source only; preserve unrelated execution.","Release blocker","Blocking","Pending Evidence","Orchestration reviewer","No live unapproved source request."
"ORCH-0004","Orchestration","No-overlap concurrency protection","Required","Prevent the parent ingestion cycle from overlapping itself.","Hold one cycle open start another and verify that the second cycle is deferred or rejected without duplicate source flows.","Concurrency lock and schedule tests with separate cycle and source-flow records.","B2-04","","Defer the second cycle without creating duplicate work.","Release blocker","Blocking","Pending Evidence","Data integrity reviewer","Checkpoint-after-commit ownership is recorded separately in DATA-0007 under B2-05."
"ORCH-0005","Orchestration","Retries backoff quotas and rate limits","Required","Apply bounded classification-aware retries and backoff with source quotas and rate limits.","Simulate retryable permanent quota and rate-limit responses and inspect attempt bounds and defer states.","Flow tests retry policy configuration and safe run metrics.","B2-04","","Defer honestly without retry storms or quota bypass.","Release blocker","Blocking","Pending Evidence","Source-policy reviewer","No arbitrary operator override."
"ORCH-0006","Orchestration","Truthful source states","Required","Represent disabled approval-gated credential-missing no-change quota-deferred partial failed and cancelled states without fake success.","Exercise each state with offline fixtures or staging controls and verify cycle aggregation.","State-contract tests UI evidence and run records.","B2-04","","Keep source disabled and display the specific safe state.","Release blocker","Blocking","Pending Evidence","Operations reviewer","Missing credentials are not source failure."
"ORCH-0007","Orchestration","Authorized operator actions","Required","Require backend authorization for manual run retry pause enable and disable and audit each action.","Call every action as each role including direct API attempts and replay.","Authorization tests audit records and Ingestion Operations browser evidence.","B2-06","","Read-only status remains available only to permitted roles; actions stay denied.","Release blocker","Blocking","Pending Evidence","Security reviewer","No frontend-only protection."
"ORCH-0008","Orchestration","Scheduled demonstration evidence","Required","Demonstrate an observed scheduled cycle or an explicitly documented approved staging rehearsal with safe metrics and sanitized failures.","Correlate deployment schedule parent cycle source flows database commits checkpoints and UI history.","Timestamped Prefect run evidence run-history capture and reconciliation record.","B11-02","APR-06","Use the approved staging rehearsal; do not claim live production scheduling.","Release blocker","Blocking","Pending Evidence","Mentor UAT reviewer","Unapproved sources remain disabled."
"DATA-0001","Data integrity","Alembic history","Required","Maintain one linear Alembic head and preserve committed migration history.","Run heads history current and clean upgrade validation and inspect historical-file diffs.","Alembic output migration tests and Git diff evidence.","B1-03","","Stop release on multiple heads or unexplained history change.","Release blocker","Blocking","Pending Evidence","Database reviewer","CRLF limitation does not authorize edits."
"DATA-0002","Data integrity","Named constraints, keys and uniqueness","Required","Provide named constraints deterministic keys and uniqueness controls for release data paths.","Inspect ORM metadata and migrated PostgreSQL then execute duplicate and concurrent-write tests.","Schema inspection migration tests and duplicate-race results.","B1-03","","Reject invalid or duplicate writes before release.","Release blocker","Blocking","Pending Evidence","Database reviewer","Database is the source of truth."
"DATA-0003","Data integrity","Least-privilege roles and pooling","Required","Use separate least-privilege application and migration database identities with bounded connection pooling.","Inspect grants and connections; attempt prohibited schema actions as the application role.","Role and grant listing without secrets negative permission tests and pool configuration.","B1-05","APR-09","Do not deploy the application with the privileged initialization role.","Release blocker","Blocking","Pending Evidence","Database reviewer","Closes B0-02 SEC-0019 with SEC-0006 row below."
"DATA-0004","Data integrity","Transaction ownership and rollback visibility","Required","Keep transaction ownership explicit and make rollback failures observable with sanitized evidence.","Inject persistence and rollback cleanup failures and verify no commit no fake success and an observable safe failure.","Service tests transaction trace and sanitized logs.","B1-04","","Stop the affected run and mark failure without advancing state.","Release blocker","Blocking","Pending Evidence","Transaction reviewer","Closes B0-02 SEC-0020 with SEC-0007 row below."
"DATA-0005","Data integrity","Idempotency retry and stale updates","Required","Ensure retries do not duplicate records and stale updates are rejected or resolved deterministically.","Repeat identical and reordered inputs then race duplicate or older versions.","Idempotency concurrency and stale-update tests plus database counts.","B1-04","","Retain the last valid committed record and report conflict safely.","Release blocker","Blocking","Pending Evidence","Data integrity reviewer","Exact database counts required."
"DATA-0006","Data integrity","Explicit partial-failure semantics","Required","Use an explicit partial state with reconciled counters and never report mixed or incomplete persistence as full success.","Process mixed valid and invalid records and inject persistence failures then verify state and counter reconciliation.","Service tests run counters audit records and persistence results.","B1-04","","Preserve committed valid evidence and mark the run partial.","Release blocker","Blocking","Pending Evidence","Data integrity reviewer","Partial is never full success."
"DATA-0007","Data integrity","Checkpoint after commit","Required","Advance every source checkpoint only after committed persistence and recover correctly after worker or credential failure.","Inject failures before flush after flush before commit and after commit and compare records with checkpoint state.","Fault-injection tests database snapshots and Prefect state evidence.","B2-05","","Replay from the last committed checkpoint without duplication.","Release blocker","Blocking","Pending Evidence","Data integrity reviewer","No checkpoint advancement on failure."
"DATA-0008","Data integrity","Safe persistence errors","Required","Exclude raw payloads database errors SQL stack traces environment values and secrets from APIs UI logs reports and run evidence.","Inject canary-bearing malformed inputs and database exceptions and scan all output surfaces.","Negative tests sanitized logs responses exports and secret scan.","B1-06","","Return a stable generic failure with correlation ID.","Release blocker","Blocking","Pending Evidence","Security reviewer","No sensitive troubleshooting output."
"DATA-0009","Data integrity","Query-critical indexes","Required","Provide and validate indexes required by release-critical query paths.","Inspect migrated PostgreSQL indexes and representative bounded query plans for the frozen release queries.","Index inventory migration tests and representative query-plan evidence.","B1-05","","Stop release or disable the affected query path when an index is absent or unsafe.","Release blocker","Blocking","Pending Evidence","Database reviewer","Index ownership is separate from constraint and key ownership."
"DATA-0010","Data integrity","Retention preserves active evidence and provenance","Required","Ensure retention cannot delete active evidence provenance or required relationships.","Exercise retention boundaries and compare before-and-after counts relationships and provenance references.","Retention tests exact database counts and relationship checks.","B1-05","","Suspend deletion until safe retention behaviour is proven.","Release blocker","Blocking","Pending Evidence","Data integrity reviewer","Retention ownership is separate from partial-failure semantics."
"SOURCE-0001","Source and external request","Fixed approved policy","Required","Require every live source to use a fixed developer-controlled source policy with exact approved HTTPS hosts and paths.","Attempt arbitrary host path endpoint and scheme substitutions and verify rejection before transport.","Policy unit tests transport mock evidence and source registry review.","B3-01","","Keep the source disabled until a complete approved policy exists.","Release blocker","Blocking","Pending Evidence","Source-policy reviewer","Registry enablement alone is not authorization."
"SOURCE-0002","Source and external request","Redirect header cookie and callback control","Required","Reject unapproved redirects arbitrary headers cookies callback URLs endpoint editing and environment proxy influence.","Exercise same-host cross-host credential-bearing and malformed redirect cases plus injected transport fields.","SSRF redirect and request-construction tests.","B10-05","","Fail closed before following or sending the request.","Release blocker","Blocking","Pending Evidence","Security reviewer","No user-controlled outbound target."
"SOURCE-0003","Source and external request","Bounded clients","Required","Enforce bounded connect read write pool and total timeouts response bytes pages objects rate and quota.","Test each limit at boundary and one unit above including slow and oversized streams.","Client tests source-specific bounds and rate evidence.","B10-05","","Defer or fail safely without unbounded retry or memory growth.","Release blocker","Blocking","Pending Evidence","Source client reviewer","Limits are source specific."
"SOURCE-0004","Source and external request","Paid-source retirement","Required","Keep Censys Platform API VirusTotal premium or business Recorded Future commercial free-tier workarounds paid credentials subscription mocks and fabricated results retired and absent.","Verify repository governance contains no active or pending commercial-source work while public Censys publication metadata remains distinct.","C05 paid-source retirement regression tests and documentation review.","B6-01","","No commercial integration fallback or mock is required.","Release blocker if retired paid-source work is presented as active pending or planned","Blocking","C05 Implemented","Source governance reviewer","APR-01 through APR-04 are retired historical records."
"SOURCE-0005","Source and external request","UAE automation gate","Required","Keep UAE public-site automation disabled until approved policies hosts terms owners limits and APR-05 are recorded.","Verify disabled configuration makes zero requests and the UI does not imply live automation.","Policy decision zero-transport test and Sources page evidence.","B5-01","APR-05","Use approved manual or offline evidence and label freshness accurately.","Release blocker if unapproved automation occurs","Blocking","Pending Evidence","UAE source reviewer","Official evidence may remain manual."
"SOURCE-0006","Source and external request","Offline and mock truthfulness","Required","Use fixtures and mocks only to prove adapter behaviour and never present them as live or current production data.","Trace representative UI records to persisted source provenance and inspect labels for mock or fixture substitution.","Provenance query network evidence and UI review.","B10-06","","Show no data unavailable or disabled rather than fixture fallback.","Release blocker","Blocking","Pending Evidence","Integrity reviewer","No fake fallback data."
"SOURCE-0007","Source and external request","Credential state semantics","Required","Treat missing credentials as a configuration state rather than source failure and expose only a configured boolean.","Run with absent invalid and present test configuration and inspect source and run states without revealing values.","State tests Sources page evidence and sensitive scan.","B2-04","APR-10","Keep the source disabled and show Credentials Not Configured.","Release blocker for false failure or exposure","Blocking","Pending Evidence","Secrets reviewer","Never display tokens headers or cookies."
"SOURCE-0008","Source and external request","Payload and exception exclusion","Required","Keep raw external payloads authentication material unsafe exceptions and restricted licensed fields out of storage APIs UI logs and exports unless an explicit allow-listed model authorizes them.","Use canary payloads across collector normalization persistence reporting and logs and verify absence.","End-to-end negative tests field allow-lists and artifact scan.","B10-04","","Persist only approved normalized metadata and sanitized failure categories.","Release blocker","Blocking","Pending Evidence","Security reviewer","No raw vendor payload exposure."
"SEC-0001","B0-02 finding closure","B0-02 SEC-0001 required release-page gap","Required","Close all missing or incomplete required page gaps for the frozen 12-page scope.","Verify each canonical route and top-level sidebar entry exactly once and execute its page acceptance tests.","Twelve route tests sidebar inventory and mentor-visible browser evidence.","B8-01","","No release while any required page is absent or nonfunctional.","Release blocker","Blocking","Pending Evidence","Frontend reviewer","Promoted B0-02 finding SEC-0001."
"SEC-0002","B0-02 finding closure","B0-02 SEC-0002 Coming Soon and dead controls","Required","Remove all visible Coming Soon placeholders and nonfunctional controls from release surfaces.","Crawl routes and navigation then activate every visible control and inspect for placeholders or inert actions.","Automated UI tests complete browser control inventory and captures.","B8-01","","Remove the item entirely until functional and approved.","Release blocker","Blocking","Pending Evidence","UX reviewer","Promoted B0-02 finding SEC-0002."
"SEC-0003","B0-02 finding closure","B0-02 SEC-0003 synthetic preview behaviour","Required","Remove production-visible synthetic preview values and demo-only behaviour.","Trace all visible data to API and database evidence under success empty and failure conditions and search production imports for preview modules.","Network captures database counts import search and browser evidence.","B8-01","","Show honest empty stale or unavailable states.","Release blocker","Blocking","Pending Evidence","Integrity reviewer","Promoted B0-02 finding SEC-0003."
"SEC-0004","B0-02 finding closure","B0-02 SEC-0004 authentication and RBAC absent","Required","Implement and evidence secure local identity and backend-enforced RBAC for the frozen roles.","Complete the AUTH criteria and demonstrate direct URL and API denial for every unauthorized role.","B7-01 through B7-06 test evidence and role-based UAT.","B7-01","APR-13","Keep staging inaccessible except through an approved protected fallback during setup.","Release blocker","Blocking","Pending Evidence","Identity reviewer","Promoted B0-02 finding SEC-0004."
"SEC-0005","B0-02 finding closure","B0-02 SEC-0005 Prefect and operator controls absent","Required","Implement the two-hour Prefect cycle independent source flows and authorized operator controls.","Complete ORCH criteria and correlate a scheduled cycle with UI and persisted run evidence.","Prefect deployment run history authorization tests and UAT capture.","B2-01","APR-06","No automatic run and no live scheduling claim until approved.","Release blocker","Blocking","Pending Evidence","Orchestration reviewer","Promoted B0-02 finding SEC-0005."
"SEC-0006","B0-02 finding closure","B0-02 SEC-0019 privileged production database account","Required","Provision and use least-privilege application access separate from migration and initialization ownership.","Inspect live grants and attempt schema or superuser actions through the application identity.","Sanitized role listing denied-operation tests and deployment configuration review.","B9-01","APR-09","Do not release the application using the privileged initialization role.","Release blocker","Blocking","Pending Evidence","Database reviewer","Promoted B0-02 finding SEC-0019; coordinate database design under B1-02."
"SEC-0007","B0-02 finding closure","B0-02 SEC-0020 rollback failures suppressed","Required","Make Anomali and Censys rollback cleanup failures observable and prevent false success.","Inject rollback failure in both services and verify sanitized evidence non-success state and no checkpoint advancement.","Focused service tests logs and transaction-state assertions.","B1-06","","Stop the affected run and surface a safe operational failure.","Release blocker","Blocking","Pending Evidence","Transaction reviewer","Promoted B0-02 finding SEC-0020."
"SEC-0008","B0-02 follow-up","B0-02 SEC-0021 production image test dependencies","Accepted Limitation","Track removal or documented acceptance of pytest and pytest-asyncio from the production backend image under B9-01.","Inspect the final production image package inventory and record the disposition.","SBOM image package list and residual-risk record.","B9-01","","If not removed document bounded image-surface risk for APR-15 without claiming runtime least-package status.","Non-blocking follow-up unless final risk review escalates it","Residual-risk review","Accepted Limitation","Container reviewer","Non-blocking B0-02 follow-up SEC-0021; APScheduler remains separately tracked."
"SEC-0009","Security and privacy","OWASP and ASVS evidence","Required","Produce traceable applicable-control assessments for OWASP Top 10 2025 OWASP API Security Top 10 2023 and OWASP ASVS 5.0.0 without blanket compliance claims.","Map applicable controls to tests evidence findings owners and explicit non-applicability rationale.","B10-01 B10-02 and B10-03 assessment artifacts.","B10-01","","Do not claim framework compliance; retain open findings with release classification.","Release blocker for open Critical or High finding","Blocking","Pending Evidence","Assurance reviewer","Applicable-control evidence only."
"SEC-0010","Security and privacy","SQL, command, template, header and export injection","Required","Test SQL command template header CSV and PDF export injection across applicable release paths.","Run negative suites with malicious query values unsafe command and template syntax header payloads and formula-leading export cells.","B10-02 security test results and reviewed representative outputs.","B10-02","","Reject or sanitize unsafe input and disable the affected export when safe handling is unproven.","Release blocker for exploitable defect","Blocking","Pending Evidence","Security reviewer","No live target testing."
"SEC-0011","Security and privacy","Secrets, sensitive logs, dependencies, SBOM and containers","Required","Review secret exposure sensitive logs dependencies SBOM and production container contents and configuration.","Scan source images logs reports and evidence with safe canaries and review dependency SBOM and image findings.","B10-07 secret log dependency SBOM and container reports with dispositions.","B10-07","","Remove unsafe content or keep the affected capability disabled.","Release blocker for Critical High or unresolved approved Must Fix","Blocking","Pending Evidence","Security reviewer","Do not expose environment values."
"SEC-0012","Security and privacy","Exceptional conditions performance concurrency recovery","Required","Prove required functions fail safely under exceptional conditions and provide bounded performance concurrency and recovery evidence.","Inject database source worker storage timeout and concurrency failures and run approved load and recovery scenarios.","B10-08 results thresholds failures and remediation disposition.","B10-08","","Degrade or stop safely with accurate status and preserved data.","Release blocker when required safe operation is unproven","Blocking","Pending Evidence","Reliability reviewer","Partial failure is not success."
"SEC-0013","Security and privacy","XSS, output encoding, unsafe URLs and CSP","Required","Safely encode untrusted output render external content as text validate external URLs and enforce the approved Content Security Policy.","Exercise markup scriptable URLs and unsafe schemes then inspect rendered output navigation behaviour and CSP headers.","B10-03 automated tests browser evidence and response-header captures.","B10-03","","Render untrusted content as text and disable unsafe links or affected views.","Release blocker for exploitable defect","Blocking","Pending Evidence","Security reviewer","Frontend safety requires both rendering and browser-policy evidence."
"SEC-0014","Security and privacy","SSRF, redirects and external-request policy","Required","Reject arbitrary hosts paths redirect targets headers cookies callbacks and other unapproved external-request inputs.","Exercise malicious targets path changes same-host and cross-host redirects credential-bearing redirects and environment proxy influence.","B10-05 SSRF redirect and transport-policy test results.","B10-05","","Fail closed before transport or keep the affected source disabled.","Release blocker for exploitable defect","Blocking","Pending Evidence","Security reviewer","No live target testing."
"SEC-0015","Security and privacy","AI-generated logic, fake success, swallowed failures, stale mocks and unsafe defaults","Required","Review generated logic for bypass fake success swallowed failures stale mock or fixture paths and unsafe defaults.","Exercise generated-code boundaries and exceptional paths then search production imports and outputs for mock fallback or hidden failure behaviour.","B10-06 review report focused tests import search and representative failure evidence.","B10-06","","Disable the affected capability until truthful safe behaviour is proven.","Release blocker for Critical High or unresolved approved Must Fix","Blocking","Pending Evidence","Security reviewer","Passing happy-path tests alone is insufficient."
"DEPLOY-0001","Deployment and operations","Approved staging access","Required","Provide mentor-accessible staging on an approved host or an explicitly mentor-accepted documented local fallback.","Access the exact release candidate through the approved method as a mentor-role user.","Host decision access evidence timestamp and deployed commit.","B9-03","APR-07","Use local fallback only after explicit mentor acceptance; otherwise no release claim.","Release blocker","Blocking","Pending Evidence","Deployment reviewer","No public access details in evidence."
"DEPLOY-0002","Deployment and operations","TLS routing and host validation","Required","Use TLS-ready approved secure routing exact host validation trusted proxy controls and protected internal services.","Test approved and unapproved host origin and forwarded-header cases through the deployed route.","TLS certificate or accepted fallback evidence proxy configuration review and security tests.","B9-02","APR-08","Keep services loopback or privately bound until secure routing is approved.","Release blocker","Blocking","Pending Evidence","Security reviewer","PostgreSQL and Prefect administration are not public."
"DEPLOY-0003","Deployment and operations","Authenticated roles and defaults","Required","Provision role-based staging test users with no default credentials and protect all application and Prefect administration access.","Test each role and an unauthenticated client against application and administrative surfaces.","User matrix RBAC evidence and port exposure review.","B9-03","APR-13","Keep deployment inaccessible until approved accounts exist.","Release blocker","Blocking","Pending Evidence","Identity reviewer","Never include credentials in artifacts."
"DEPLOY-0004","Deployment and operations","Runtime health, monitoring and alert evidence","Required","Demonstrate truthful backend PostgreSQL Prefect server worker source freshness and storage health with approved monitoring and alert evidence.","Inject component and freshness failures then compare health UI monitoring signals alert receipt and sanitized logs.","Health monitoring and alert evidence with timestamps and sanitized logs.","B9-04","APR-12","Use controlled manual observation only if explicitly accepted; do not claim integrated monitoring.","Release blocker","Blocking","Pending Evidence","Operations reviewer","No allow-on-error health."
"DEPLOY-0005","Deployment and operations","Safe secret injection","Required","Deliver secrets through the approved provider without source image log UI report or evidence exposure.","Deploy rotated canary credentials inspect runtime references and scan all artifacts without printing values.","Secret-provider decision rotation result and sensitive-data scan.","B9-04","APR-10","Keep credential-dependent services disabled.","Release blocker","Blocking","Pending Evidence","Secrets reviewer","Public frontend configuration contains no secret."
"DEPLOY-0006","Deployment and operations","Production runtime mode","Required","Run production images without development server reload source mounts default credentials or test-only behaviour.","Inspect processes image contents mounts environment classifications and service commands.","Compose validation image inspection SBOM and process evidence.","B9-01","","Do not expose the development stack as staging.","Release blocker","Blocking","Pending Evidence","Container reviewer","Track SEC-0021 separately."
"DEPLOY-0007","Deployment and operations","Restart and recovery smoke","Required","Show controlled restart recovery while PostgreSQL and Prefect state persist and all required routes return truthful results.","Restart backend frontend worker and orchestrator in controlled order and repeat route and scheduled-state checks.","Timed restart log health checks data counts and run-state comparison.","B9-06","","Stop affected service safely and follow the approved recovery procedure.","Release blocker","Blocking","Pending Evidence","Operations reviewer","No destructive volume cleanup."
"DEPLOY-0008","Deployment and operations","Deployed identity and clean release","Required","Display and record the exact deployed Git commit and version with a clean synchronized release-candidate tree.","Compare UI health metadata image labels HEAD origin/dev and release manifest.","Commit hashes version display Git status and image identifiers.","B11-01","","Do not claim a release candidate when identities differ.","Release blocker","Blocking","Pending Evidence","Release reviewer","No future commit hash is invented."
"DEPLOY-0009","Deployment and operations","Persistent PostgreSQL and Prefect state through controlled restart","Required","Preserve PostgreSQL and Prefect state including required schedules and checkpoints through a controlled service restart.","Restart PostgreSQL and Prefect services in controlled order then compare data counts schedules checkpoints and orchestration state.","Restart timestamps before-and-after state and count comparisons and schedule and checkpoint evidence.","B9-03","","Preserve persistent storage and stop release if required state cannot be recovered safely.","Release blocker","Blocking","Pending Evidence","Deployment reviewer","No destructive volume cleanup."
"BACKUP-0001","Backup restore and recovery","Bounded encrypted backup","Required","Define and execute a bounded backup procedure with safe filenames encryption integrity hash secret exclusion and PostgreSQL data.","Create a representative backup inspect metadata and exclusions and verify its recorded hash without exposing contents.","Backup procedure timestamp size hash encryption confirmation and sanitized log.","B9-05","APR-11","Use an explicitly approved temporary protected destination until the long-term destination is selected.","Release blocker","Blocking","Pending Evidence","Recovery reviewer","A persistent volume is not backup."
"BACKUP-0002","Backup restore and recovery","Prefect state and retention","Required","Include required Prefect state and apply the approved backup retention and access policy.","Compare backed-up components to the recovery inventory and exercise retention without deleting active evidence.","Component inventory retention test and access-control review.","B9-05","APR-11","Document any intentionally reconstructible Prefect data and protect the remaining required state.","Release blocker","Blocking","Pending Evidence","Recovery reviewer","No unapproved destructive cleanup."
"BACKUP-0003","Backup restore and recovery","Isolated restore","Required","Restore the backup into an isolated environment and verify compatible migrations permissions and representative data counts.","Restore without using production targets then compare Alembic revision table counts constraints and role grants.","Restore log migration output before-after counts and permission tests.","B9-05","","No recoverability claim until a successful representative restore.","Release blocker","Blocking","Pending Evidence","Recovery reviewer","Backup creation alone is insufficient."
"BACKUP-0004","Backup restore and recovery","RPO RTO and timed evidence","Required","Document approved RPO and RTO and record timed backup and restore evidence.","Measure an approved rehearsal and compare elapsed time and data-loss window to the documented objectives.","Timestamped rehearsal record RPO RTO and decision owner.","B9-06","APR-11","Use explicitly temporary objectives only when approved and labeled for staging.","Release blocker","Blocking","Pending Evidence","Operations owner","Do not invent objectives."
"BACKUP-0005","Backup restore and recovery","Rollback and migration failure","Required","Rehearse application rollback and migration failure recovery without editing committed history or deleting the production volume.","Deploy a compatible prior image in isolation and inject migration failure then verify safe stop and recovery.","Rollback record compatibility decision migration logs and post-recovery checks.","B9-06","","Stop application writes preserve state and follow the reviewed recovery plan.","Release blocker","Blocking","Pending Evidence","Recovery reviewer","Alembic downgrade is not automatic."
"BACKUP-0006","Backup restore and recovery","Worker source credential and checkpoint recovery","Required","Rehearse worker source and credential failures and resume from the last committed checkpoint with accurate incident notes.","Interrupt each boundary restore configuration or worker and verify no duplicate data or false success.","Run histories checkpoints exact database counts and incident record.","B9-06","","Keep affected source disabled and replay safely after recovery.","Release blocker","Blocking","Pending Evidence","Recovery reviewer","Recovery evidence must be correlation-safe and sanitized."
"APPROVAL-0001","Approval register","APR-01 commercial budget historical record","Retired","No decision is required because paid-source work is retired.","Verify APR-01 is marked retired and no dependent implementation remains.","C05 governance tests and retired approval record.","B6-01","","No commercial integration is planned.","Release blocker only if retired work becomes active or ambiguous","Retired","Superseded by C05","Source governance reviewer","Historical record only; not pending approval."
"APPROVAL-0002","Approval register","APR-02 Censys Platform historical record","Retired","No decision is required because Censys Platform work is retired.","Verify public Censys publication metadata remains distinct from prohibited Platform API functionality.","C05 governance tests and retired approval record.","B6-01","","Preserve public ARC and Rapid Response publication metadata only.","Release blocker only if Platform work becomes active or ambiguous","Retired","Superseded by C05","Source governance reviewer","No token entitlement endpoint credit or activation decision is pending."
"APPROVAL-0003","Approval register","APR-03 VirusTotal historical record","Retired","No decision is required because VirusTotal premium and business work is retired.","Verify no active or pending VirusTotal integration or free-tier workaround remains.","C05 governance tests and retired approval record.","B6-01","","No VirusTotal integration is planned.","Release blocker only if retired work becomes active or ambiguous","Retired","Superseded by C05","Source governance reviewer","No API tier credential quota or activation decision is pending."
"APPROVAL-0004","Approval register","APR-04 Recorded Future historical record","Retired","No decision is required because Recorded Future work is retired.","Verify no active or pending Recorded Future integration remains.","C05 governance tests and retired approval record.","B6-01","","No Recorded Future integration is planned.","Release blocker only if retired work becomes active or ambiguous","Retired","Superseded by C05","Source governance reviewer","No subscription credential module quota or activation decision is pending."
"APPROVAL-0005","Approval register","APR-05 UAE source automation approval","Approval-Gated","Record which official UAE sources may be automated with approved hosts paths terms cadence owners and retention.","Verify every enabled UAE collector matches the recorded policy and any unapproved source makes zero requests.","Approval record policy definitions zero-transport tests and source-state evidence.","B0-05","APR-05","Use approved manual or offline inputs and label freshness; keep automation disabled.","Conditional; release may proceed with unapproved automation disabled if required UAE evidence remains truthful","Conditional","Approval Pending","Pending assignment","Decision owner required; target 4 August 2026. Related implementation tasks: B5-01 through B5-04."
"APPROVAL-0006","Approval register","APR-06 two-hour production schedule and timezone","Approval-Gated","Record the two-hour cadence timezone operational owner maintenance window and staging rehearsal authority.","Inspect the single Prefect schedule and owner record and observe a cycle or approved rehearsal.","Approval record deployment schedule and timestamped run evidence.","B0-05","APR-06","Operate only controlled staging after a staging timezone is recorded; do not claim production authorization.","Release blocker for the required scheduled-cycle gate","Blocking","Approval Pending","Pending assignment","Decision owner required; target 4 August 2026. Related implementation tasks: B2-03."
"APPROVAL-0007","Approval register","APR-07 staging hosting provider and access method","Approval-Gated","Select the staging host network exposure access method and operational owner.","Connect through the approved path and verify the exact release commit without exposing access details.","Approval record hosting identifier access test and deployment evidence.","B0-05","APR-07","Use a documented local fallback only if the mentor explicitly accepts it.","Release blocker unless mentor accepts the local fallback","Blocking","Approval Pending","Pending assignment","Decision owner required; target 4 August 2026. Related implementation tasks: B9-03."
"APPROVAL-0008","Approval register","APR-08 domain subdomain and TLS ownership","Approval-Gated","Record the approved domain or subdomain TLS owner certificate lifecycle and trusted routing boundary.","Validate certificate hostname expiry routing and ownership against the decision.","Approval record TLS validation and proxy configuration review.","B0-05","APR-08","Keep services privately or loopback bound; use secure local fallback only if explicitly accepted.","Release blocker for public mentor access without accepted fallback","Blocking","Approval Pending","Pending assignment","Decision owner required; target 4 August 2026. Related implementation tasks: B9-02."
"APPROVAL-0009","Approval register","APR-09 PostgreSQL hosting and retention","Approval-Gated","Select PostgreSQL hosting role separation storage encryption retention maintenance and owner.","Verify deployed grants persistence retention and backup scope against the decision.","Approval record sanitized role evidence retention policy and deployment validation.","B0-05","APR-09","Use controlled staging PostgreSQL only after a documented temporary decision; never reuse the privileged initialization identity.","Release blocker","Blocking","Approval Pending","Pending assignment","Decision owner required; target 4 August 2026. Related implementation tasks: B1-05 and B9-03."
"APPROVAL-0010","Approval register","APR-10 secret-management provider and credential delivery","Approval-Gated","Select the secret provider custody delivery rotation revocation and incident process.","Provision and rotate test credentials without source log UI image or evidence disclosure.","Approval record provider configuration rotation test and secret scan.","B0-05","APR-10","Keep credential-dependent sources disabled and staging inaccessible where identity secrets are unavailable.","Release blocker for required staging services","Blocking","Approval Pending","Pending assignment","Decision owner required; target 4 August 2026. Related implementation tasks: B1-01 and B9-04."
"APPROVAL-0011","Approval register","APR-11 backup destination and retention","Approval-Gated","Select protected backup destination encryption retention access owner and approved temporary alternative.","Complete backup and isolated restore using the recorded destination and compare retention behaviour.","Approval record backup hash restore evidence retention test and access review.","B0-05","APR-11","Use an explicitly approved protected temporary destination only; no backup claim without restore.","Release blocker","Blocking","Approval Pending","Pending assignment","Decision owner required; target 4 August 2026. Related implementation tasks: B9-05."
"APPROVAL-0012","Approval register","APR-12 monitoring alert provider and recipient","Approval-Gated","Select monitoring and alert delivery mechanism recipient severity routing retention and owner.","Trigger safe health and failure events and verify receipt without sensitive content.","Approval record monitoring configuration alert test and redaction review.","B0-05","APR-12","Use bounded manual staging observation only if explicitly accepted and make no integrated-alerting claim.","Release blocker unless an explicit monitored-staging fallback is accepted","Blocking","Approval Pending","Pending assignment","Decision owner required; target 4 August 2026; product Slack Teams and email alert features remain backlog. Related implementation tasks: B9-04."
"APPROVAL-0013","Approval register","APR-13 staging user list and local RBAC acceptance","Approval-Gated","Approve the staging user list role assignments account custodian and local RBAC acceptance.","Reconcile provisioned unique accounts to the approved list and execute the role matrix.","Approval record account inventory without secrets and RBAC results.","B0-05","APR-13","Keep staging inaccessible until approved unique accounts and roles exist.","Release blocker","Blocking","Approval Pending","Pending assignment","Decision owner required; target 4 August 2026. Related implementation tasks: B7-01."
"APPROVAL-0014","Approval register","APR-14 SSO requirement","Approval-Gated","Decide whether advanced SSO is required for staging; secure local RBAC remains mandatory regardless.","Verify either approved SSO acceptance evidence or an explicit decision that local RBAC is sufficient.","Approval record and identity architecture decision.","B0-05","APR-14","Use required secure local RBAC and omit all SSO claims and controls.","Conditional; release may proceed without SSO when local RBAC is accepted","Conditional","Approval Pending","Pending assignment","Decision owner required; target 4 August 2026. Related implementation tasks: B7-01."
"APPROVAL-0015","Approval register","APR-15 final release acceptance and residual risk","Approval-Gated","Record final mentor or release-approver acceptance of evidence accepted limitations and residual risk for the exact release candidate.","Review every release gate open finding limitation approval and UAT result before recording a decision.","Signed or otherwise attributable decision record exact commit evidence index and residual-risk register.","B0-05","APR-15","No release approval claim and no staging handover as accepted.","Release blocker","Blocking","Approval Pending","Pending assignment","Decision owner required; target 11 August 2026; B0-03 does not fabricate approval. Related implementation tasks: B11-02 and B11-05."
"EXCLUDE-0001","Removed and backlog scope","Separate Threat Entities sidebar page","Removed","Remove it as a separate page; safe threat metadata may appear in Threat Feed and provenance under B4-04.","Verify no sidebar item Coming Soon card dead control exposed top-level route production claim or demo promise exists.","Route and navigation crawl documentation search and browser review.","B4-04","","Keep only safe integrated metadata with provenance.","Release blocker if separately visible or claimed","Blocking absence gate","Scope Frozen","Scope reviewer","No new backlog task is created."
"EXCLUDE-0002","Removed and backlog scope","Advanced threat graph","Post-Submission Backlog","Exclude advanced graph visualization from the 11 August release.","Verify no sidebar item Coming Soon card dead control exposed route production claim or demo promise exists.","Route navigation documentation and demonstration review.","B8-01","","Omit the feature entirely from release surfaces.","Release blocker if visible or promised","Blocking absence gate","Scope Frozen","Scope reviewer","Backlog classification only."
"EXCLUDE-0003","Removed and backlog scope","Machine-learning predictions","Removed","Exclude machine-learning predictions and unsupported predictive claims.","Verify no sidebar item Coming Soon card dead control exposed route prediction output claim or demo promise exists.","Repository route UI documentation and demonstration search.","B8-01","","Use only reviewed deterministic logic with accurate semantics.","Release blocker if visible or claimed","Blocking absence gate","Scope Frozen","Scope reviewer","Deterministic UAE relevance is not ML."
"EXCLUDE-0004","Removed and backlog scope","Automated blocking or SOAR","Removed","Exclude automated blocking remediation and SOAR actions.","Verify no sidebar item Coming Soon card dead control exposed route action endpoint claim or demo promise exists.","Route API UI documentation and demonstration review.","B8-01","","Provide defensive intelligence only with no automated action.","Release blocker if visible or enabled","Blocking absence gate","Scope Frozen","Security reviewer","No offensive or control-changing workflow."
"EXCLUDE-0005","Removed and backlog scope","Malware sample processing","Removed","Prohibit and remove malware sample upload retrieval storage detonation or processing; metadata references remain bounded.","Verify no sidebar item Coming Soon card control upload route binary handler claim or demo promise exists.","Route file-handling dependency UI documentation and network review.","B8-01","","Retain safe metadata-only indicator handling.","Release blocker if any sample capability exists","Blocking absence gate","Scope Frozen","Security reviewer","Prohibited release capability."
"EXCLUDE-0006","Removed and backlog scope","VirusTotal integration","Removed","Prohibit and remove VirusTotal premium business free-tier metadata file submission upload and sample retrieval functionality.","Verify no UI API source client credential mock fallback claim or network path exists.","C05 paid-source retirement regression tests and network review.","B6-01","","No VirusTotal integration or fallback is planned.","Release blocker if any VirusTotal integration or submission exists","Blocking absence gate","C05 Retired","Security reviewer","APR-03 is retired and cannot authorize later implementation."
"EXCLUDE-0007","Removed and backlog scope","Intelligence chatbot","Post-Submission Backlog","Exclude chatbot functionality from the 11 August release.","Verify no sidebar item Coming Soon card dead control exposed route production claim or demo promise exists.","Route navigation documentation and demonstration review.","B8-01","","Omit the feature entirely.","Release blocker if visible or promised","Blocking absence gate","Scope Frozen","Scope reviewer","No new backlog task is created."
"EXCLUDE-0008","Removed and backlog scope","Slack Teams or email alerts","Post-Submission Backlog","Exclude product alerting integrations from the 11 August release.","Verify no sidebar item Coming Soon card dead control exposed route delivery claim or demo promise exists.","Route navigation integration documentation and demonstration review.","B8-01","","Use approved operational monitoring outside the product when selected.","Release blocker if product alerting is visible or promised","Blocking absence gate","Scope Frozen","Scope reviewer","APR-12 operational monitoring is separate and does not authorize a Slack Teams or email product feature."
"EXCLUDE-0009","Removed and backlog scope","Mobile application","Removed","Exclude a separate native mobile application; responsive web remains required.","Verify no mobile-app route download control store claim Coming Soon card or demo promise exists.","Navigation documentation and demonstration review plus responsive-web evidence.","B8-01","","Use the required responsive web application.","Release blocker if a nonexistent app is claimed","Blocking absence gate","Scope Frozen","Scope reviewer","Responsive web is not a mobile application."
"EXCLUDE-0010","Removed and backlog scope","Custom dashboard builder","Removed","Exclude user-configurable dashboard construction.","Verify no sidebar item Coming Soon card dead control exposed route production claim or demo promise exists.","Route navigation documentation and demonstration review.","B8-01","","Use the frozen Overview layout.","Release blocker if visible or promised","Blocking absence gate","Scope Frozen","Scope reviewer","No new backlog task is created."
"EXCLUDE-0011","Removed and backlog scope","Multi-tenant customer platform","Removed","Exclude multi-tenant organization and customer isolation claims.","Verify no tenant selector administration route Coming Soon item product claim or demo promise exists.","Route schema UI documentation and demonstration review.","B8-01","","Operate a single approved staging deployment with local RBAC.","Release blocker if multi-tenant capability is claimed","Blocking absence gate","Scope Frozen","Security reviewer","Single-deployment RBAC remains required."
"EXCLUDE-0012","Removed and backlog scope","Kubernetes deployment","Post-Submission Backlog","Exclude Kubernetes deployment from the 11 August release.","Verify no production requirement Coming Soon control deployment claim or demonstration promise exists.","Deployment documentation repository and demonstration review.","B9-01","","Use the approved Compose-based staging architecture.","Release blocker if unsupported Kubernetes readiness is claimed","Blocking absence gate","Scope Frozen","Deployment reviewer","Backlog classification only."
"EXCLUDE-0013","Removed and backlog scope","Advanced SSO","Approval-Gated","Keep advanced SSO absent unless APR-14 requires and separately approves it; secure local RBAC is always required.","Verify no SSO control route or claim exists without approval and verify local RBAC regardless of the decision.","APR-14 decision identity tests route review and demonstration evidence.","B7-01","APR-14","Use secure local RBAC and omit SSO claims.","Conditional; unapproved SSO must remain absent","Conditional","Approval Pending","Identity reviewer","Not a Coming Soon item."
"RELEASE-0001","Release candidate","Exact candidate identity","Required","Identify one exact release-candidate commit with dev and origin/dev synchronized and a clean working tree.","Run branch status fetch log and revision checks immediately before evidence capture.","Command output and release manifest.","B11-01","","Do not nominate a candidate until Git identity is exact.","Release blocker","Blocking","Pending Evidence","Release reviewer","No invented future hash."
"RELEASE-0002","Release candidate","Migration and database gate","Required","Validate all required migrations the single head least-privilege grants and compatible live database state.","Run Alembic checks migration tests PostgreSQL inspection and role negative tests.","Migration output role evidence and exact database counts.","B11-01","","Stop release and preserve data for investigation.","Release blocker","Blocking","Pending Evidence","Database reviewer","Database-backed routes must succeed."
"RELEASE-0003","Release candidate","Automated regression and build","Required","Pass full backend and frontend regression TypeScript checks production frontend build and production Compose validation.","Run the authoritative release commands from the exact candidate and record totals warnings skips and failures.","Complete command log versions counts build output and Compose validation.","B11-01","","No passed claim for an unrun or failed gate.","Release blocker","Blocking","Pending Evidence","Test reviewer","Separate pre-existing warnings from failures."
"RELEASE-0004","Release candidate","Enabled-source and cycle evidence","Required","Verify enabled sources satisfy policy approval credential quota and freshness checks and demonstrate the scheduled cycle or approved rehearsal.","Reconcile source registry settings approvals Prefect run states checkpoints and UI.","Enabled-source matrix schedule evidence and database/run counts.","B11-02","APR-06","Disable any source lacking prerequisites and disclose the state.","Release blocker for unsafe or false source state","Blocking","Pending Evidence","Source reviewer","No live request solely for documentation."
"RELEASE-0005","Release candidate","Twelve pages and exclusions","Required","Demonstrate all 12 required pages are functional and every removed or backlog feature is absent.","Execute the page matrix and absence searches across routes navigation controls docs and demonstration material.","Mentor-visible captures route inventory control results and absence report.","B11-02","","Remove any nonfunctional or out-of-scope item before release.","Release blocker","Blocking","Pending Evidence","Mentor UAT reviewer","Detail routes remain subordinate."
"RELEASE-0006","Release candidate","Security finding disposition","Required","Have no open evidence-backed Critical or High defect authorization bypass secret exposure unsafe external access corruption risk fake success production mock state or unresolved approved Must Fix.","Review the consolidated finding register against code tests deployment and accepted limitations.","B10 reports closure evidence and residual-risk register.","B11-03","APR-15","Keep affected functionality disabled; Critical High and required-function defects cannot be accepted limitations.","Release blocker","Blocking","Pending Evidence","Security reviewer","SEC-0021 remains non-blocking unless escalated."
"RELEASE-0007","Release candidate","Backup restore and recovery","Required","Pass the complete backup isolated restore rollback and recovery gate with approved destination retention RPO and RTO.","Review BACKUP criteria and repeat representative application checks on the restored environment.","Backup hash restore comparisons timings and recovery incident notes.","B11-03","APR-11","No release recoverability claim without successful restore evidence.","Release blocker","Blocking","Pending Evidence","Recovery reviewer","Persistent storage alone is insufficient."
"RELEASE-0008","Mentor UAT","Mentor staging acceptance","Required","Pass mentor UAT against the exact staged candidate covering authenticated role flows pages controls truthfulness accessibility and key recovery evidence.","Execute an approved script record observed results defects evidence and decision without pre-filling outcomes.","UAT record defect log screenshots and candidate identity.","B11-02","APR-15","No mentor-accepted release claim until UAT passes or an explicit decision records bounded exceptions.","Release blocker","Blocking","Pending Evidence","Mentor UAT reviewer","Manual cases remain Not Run until executed."
"RELEASE-0009","Release governance","Evidence task sheet operations and sign-off","Required","Reconcile the task sheet evidence index operational guide limitations approvals and sign-off for the exact candidate.","Cross-check Git tasks artifacts deployment records approval register and handover instructions.","B11-04 and B11-05 artifacts plus attributable approval record.","B11-05","APR-15","Keep all sign-off fields Pending and state that artifacts await review.","Release blocker","Blocking","Pending Evidence","Release reviewer","No fabricated name signature date or approval."
"RELEASE-0010","Release governance","Final residual-risk decision","Required","Record final residual-risk acceptance by the authorized mentor or release approver only after all gates and accepted limitations are reviewed.","Verify approver authority exact commit decision date scope limitations and unresolved findings before recording acceptance.","APR-15 decision and immutable release evidence reference.","B11-05","APR-15","Do not release or claim approval.","Release blocker","Blocking","Pending Evidence","Mentor or release approver","B0-03 freezes the field as Pending."
